{"cameraMode":{"drawMode":0,"name":"Shaded","section":"Shading Mode"},"sceneLighting":true,"audioPlay":false,"sceneViewState":{"m_AlwaysRefresh":false,"showFog":true,"showSkybox":true,"showFlares":true,"showImageEffects":true,"showParticleSystems":true,"showVisualEffectGraphs":true,"m_FxEnabled":true},"in2DMode":false,"pivot":{"x":0.21162499487400056,"y":-7.780601501464844,"z":-27.030412673950197},"rotation":{"x":0.002254841383546591,"y":0.9701530933380127,"z":-0.2423645704984665,"w":0.009022882208228112},"size":12.159538269042969,"orthographic":false}